label,x0,y0,z0,x1,y1,z1,x2,y2,z2,x3,y3,z3,x4,y4,z4,x5,y5,z5,x6,y6,z6,x7,y7,z7,x8,y8,z8,x9,y9,z9,x10,y10,z10,x11,y11,z11,x12,y12,z12,x13,y13,z13,x14,y14,z14,x15,y15,z15,x16,y16,z16,x17,y17,z17,x18,y18,z18,x19,y19,z19,x20,y20,z20
M,0.48905728643728513,0.5508412840002674,3.1047561996297577e-07,0.5068785929578846,0.44788269029330396,-0.03148913302979732,0.48832091575456876,0.34200368657455604,-0.051755093101222636,0.4683624303947061,0.24851929484787633,-0.07036272156983614,0.45424266816195796,0.1738202182291928,-0.0902213502706865,0.3509741041619899,0.3089369671198271,-0.04303669244627137,0.27036717748742994,0.2519950542156979,-0.07300195206840665,0.21692796739733824,0.22961556204294753,-0.0951149269338634,0.17095162081768958,0.21396303132681524,-0.11120430787362284,0.3188094219540135,0.3584618805828741,-0.04878037464726022,0.22259345012953727,0.30061450758475367,-0.07827510263265694,0.16157505875926906,0.27087758311023147,-0.10087625587643204,0.11009478171245526,0.24715615531145516,-0.11707567423582077,0.3073262772443941,0.4209725946440535,-0.05733446798966092,0.21545559767696817,0.36736054806891133,-0.08513842807230303,0.16169615291942985,0.3348699673631434,-0.10233339386344967,0.11529465019702911,0.3056312454706531,-0.11381058671148651,0.3114958774235289,0.49373926878985713,-0.06840637812422494,0.23654748366798384,0.4700208212864601,-0.09530077745222439,0.1910512751063048,0.4506197325506453,-0.10762299614626977,0.14864163763694843,0.4285525750305693,-0.11457188664225199
M,0.571235386169318,0.961189742160566,6.58772585939177e-07,0.591687303239649,0.8324213999690432,0.012028287704434303,0.5639747773156022,0.7232929746309916,0.009215091508381054,0.5051749115640467,0.674341982422453,0.007408771430059322,0.45205124309568695,0.6613955960129246,0.001435355037348486,0.547041207371336,0.6770943609150973,-0.03725541530910766,0.49170084324750035,0.5329135358333588,-0.05221393435741916,0.46164458845600936,0.45818724325208954,-0.05575266998035438,0.4352874584270246,0.39927606185277303,-0.05533783392571477,0.4918598469459649,0.7159627033002449,-0.05081722778127049,0.4340390982049884,0.556264255805449,-0.0702305876170144,0.4025291704770291,0.46780153675512837,-0.0749238216628631,0.37643695311112835,0.3974448204040527,-0.07381230186332356,0.4404729846752051,0.7636651779666092,-0.05933457308194854,0.38916514479752745,0.6151066046772581,-0.08217557553540576,0.3629336931488731,0.5286634782950084,-0.09491864022883502,0.34216187578259094,0.45944951808813844,-0.09961490838816672,0.40200182705214527,0.8158881201888576,-0.06294993658860525,0.37448192834854127,0.7194351644227,-0.07410131184892221,0.3909292302348397,0.7245464212966688,-0.06452551455321637,0.4103039846275792,0.7438941399256388,-0.054337147072973574
M,0.4510706644367289,0.6430018151247943,3.5850599023273195e-07,0.4715138666055821,0.5382719405271389,-0.03158558004156307,0.4583351426654392,0.4270328557049787,-0.05209726688486559,0.4439092519106688,0.3301284192888825,-0.0707807055088105,0.4342986633380254,0.2558299046975595,-0.09078087726676906,0.3208448078897264,0.3942880154759796,-0.04404536613815085,0.23786327711961888,0.3316341625319587,-0.07379854986513103,0.18261030299796,0.30436281114816666,-0.09587221217376214,0.1358414192718488,0.28450752237328775,-0.11193437864659009,0.2865131253997485,0.44438546564843917,-0.049432791180529255,0.18938224986195565,0.3817372844726951,-0.07872374148142558,0.12868544315850294,0.347923700566645,-0.10101291788397011,0.0788756944515087,0.32055577530905055,-0.116731139369033,0.2718097208274735,0.5066403763161765,-0.057465572427544326,0.17864859167624403,0.4482112951852657,-0.0845066349953413,0.12492604589572659,0.4110743968575089,-0.10098704548069724,0.07952740197932279,0.3777953811817699,-0.11190877360878167,0.2728448036092299,0.5788190057984105,-0.06804104029304452,0.20031600771126923,0.5446106088382227,-0.0936710948607436,0.15632350414439483,0.517778953799495,-0.10477543182119176,0.11672449567251736,0.4884604088686131,-0.11080003137941714
M,0.5525343950758589,0.625793917804745,4.7598459661993415e-07,0.5434243353546089,0.5152898454074318,-0.021245092582882295,0.5802771728089515,0.4126502157103085,-0.0337555819844946,0.6277666713329072,0.3393956090964324,-0.045382282003126245,0.6512639366143139,0.2734089531797044,-0.056867163839703756,0.7065444778888783,0.39700077717185867,-0.02406021774290724,0.7898063380667504,0.33748384020852706,-0.047207603838743895,0.8409680415552558,0.31185622629544413,-0.06631280711673676,0.8875310023625692,0.2933869647218826,-0.08048376171512807,0.7375528939226841,0.442775215662963,-0.03294986178636128,0.8325961046185054,0.38528035570543706,-0.053152874984005664,0.8892222503398327,0.3592841175008327,-0.06805606844260338,0.9370076220931737,0.33991507794840115,-0.07993983987269672,0.7483525445275273,0.4982564538083178,-0.04557525834187548,0.8374804917802202,0.4507888025003122,-0.062274969955708116,0.8903286296425136,0.4224943334751941,-0.07076432016935755,0.9371414920116993,0.39999911189079285,-0.07904673497199166,0.7440341858999103,0.5680304575473705,-0.061248627035541736,0.8187736877312897,0.537978209713672,-0.07571972074343804,0.8643846055294605,0.5184665573826919,-0.08064059979209663,0.906522734790829,0.5002499774415442,-0.0853160596221474
M,0.5059722924745211,0.9763547874266102,5.919653412871986e-07,0.4804263737680237,0.8657244277256791,0.003336631754230905,0.5024031772408434,0.7633502333822216,-0.005455019186154061,0.5595713802563247,0.7100296009825976,-0.012190548332131011,0.6079647987546887,0.6882149585686277,-0.02118135254336087,0.5156174009418829,0.7175503202236682,-0.05153331412903724,0.5858652414386845,0.5894134822284877,-0.07022998570781669,0.6287796486663134,0.5259381767669459,-0.07609081732302797,0.6613314074854697,0.478001504281943,-0.07744088400435704,0.5652074406864822,0.7662886737922614,-0.06291142873813174,0.636001951912398,0.6192817194487459,-0.08636837765093773,0.6789403168958575,0.5373487046328924,-0.09483277263607176,0.7086052196000212,0.4723761598696418,-0.09751312591562775,0.6114466478747707,0.8168487209145741,-0.06941333020566612,0.6774334698167753,0.6751645651769467,-0.096083597457003,0.7113315478020672,0.5963002432631762,-0.10777750938436463,0.7354501218778685,0.5340385691239415,-0.11160705170483999,0.6487528382663659,0.8679279915748104,-0.07184551918618781,0.6823273166533439,0.7671808959335409,-0.08357220970922047,0.6664867858305626,0.7632248042732157,-0.07369475749631722,0.6545537394007475,0.7774073919515029,-0.0643084238093066
M,0.5785399059091474,0.9787970490306227,5.354998246607135e-07,0.6040754211633698,0.8588801679972258,0.005653002832877261,0.5850275130091386,0.7472546541037198,-0.005758217174318794,0.5254245757589764,0.6874273898707357,-0.015324682650088423,0.4687075340249831,0.6654234194724429,-0.029235252705506018,0.5962065518991754,0.7152314298146698,-0.051536686643082696,0.5209427888337377,0.5676350343009511,-0.07088583355219961,0.48115250549957583,0.4944913821494299,-0.07759179816856085,0.44866436443658786,0.4344777657064383,-0.08010458768717459,0.5407034422492234,0.7631147404252393,-0.06689592444048538,0.4657454976991947,0.5963932564457777,-0.0917259473013193,0.42631032790589896,0.5051328554632769,-0.10248008555204999,0.39827911061655447,0.43130576991848163,-0.10745862019357731,0.48394485109779917,0.8089603775475106,-0.0772159319594697,0.4235881770092887,0.653218846097005,-0.10506906570482503,0.3943386748627645,0.5580281568569552,-0.12025818238448226,0.3744951239142654,0.48362266099172846,-0.12761732192792719,0.43383288352358745,0.8507067028909688,-0.0829296638659024,0.4037105192092318,0.7341309286284384,-0.10159929686131117,0.4151174161515099,0.7266886729173188,-0.09622272702211189,0.43025378073631315,0.7341373103716977,-0.08959279781299845
M,0.636035831041739,0.9258698127079458,4.777028348685833e-07,0.6431962152322134,0.8073223343757396,-0.00534434119279621,0.6078598097736287,0.7026473306154422,-0.013813821287319325,0.551327216233446,0.6551494485055896,-0.02009404040415656,0.5029762511102247,0.6448665608262791,-0.028327249063235534,0.564936509574523,0.6768432046885782,-0.0361892982704965,0.4922021004445676,0.578858689802913,-0.05535756455987972,0.4597094854418661,0.5338697760877474,-0.06342346989877627,0.4319845074918908,0.49930254884169134,-0.06627828536004247,0.522057091895963,0.7297394531713405,-0.04445777070586145,0.4480950811379392,0.6197196411694719,-0.06808329971306061,0.41653253711725063,0.5647341270402004,-0.07683394444415546,0.3882778681499857,0.5199633025227578,-0.07830306263247007,0.48453081248791563,0.7876331149972101,-0.05080508025354343,0.42107112296450305,0.68422804905775,-0.07530845114043061,0.39592456208987975,0.6266275095827702,-0.08473986990644898,0.373215216636098,0.5788449265867331,-0.08708591506479771,0.45802920371154104,0.8475281562603695,-0.055150453327005036,0.4200412189946488,0.7783362339360054,-0.07012621959575185,0.43152252448276734,0.7815988005047113,-0.06335712727946295,0.4446069104990489,0.7935266284875466,-0.05471603209458886
M,0.5811032877892864,0.9067957721020667,5.618545098017495e-07,0.6029569708223593,0.788075216570679,0.003018886352332279,0.5802999110159304,0.6819359598458682,-0.00038488630828876645,0.5322845743279415,0.6253193382271525,-0.002487124103787878,0.491189960661852,0.6018925600687894,-0.007088774378007922,0.543679615759641,0.647837208068058,-0.029231152640449534,0.4899457432438264,0.5288700830658393,-0.04126138034763156,0.45945080274134964,0.4684153933827453,-0.0455100211067432,0.4313923114416551,0.4213502671645612,-0.04695057700562587,0.49395036071799586,0.6845115431022366,-0.038201112453143574,0.43950185596769126,0.5516186004651183,-0.05168950067338895,0.40894170253165607,0.4795252517430497,-0.05655913119565467,0.38256966694103384,0.42246588061050494,-0.05778067832698627,0.45051999407502724,0.7285445660092045,-0.04423043807105055,0.4031975423542473,0.6050918487174866,-0.05843675980458454,0.3782270629360794,0.5316734797057883,-0.0684833800143212,0.3569997261025815,0.4739506955397025,-0.07427440658646144,0.4190891168294773,0.775803208264248,-0.047766051904105586,0.3965520023343862,0.6900518875427913,-0.055629047182315296,0.40613050971712383,0.6781940845115539,-0.05059295915523354,0.4161824776462494,0.6783988435831432,-0.04524817626649085
M,0.5142357103637795,0.6378775579271032,5.551449690657008e-07,0.5000464843947496,0.5295317360936705,-0.026501831274093893,0.5228337196271811,0.4216222130318186,-0.0439956523182649,0.5566623851434508,0.33536282932358,-0.05961838787866395,0.5703748570226911,0.2621321420727381,-0.07494527711741515,0.6536472495367278,0.3928966329836134,-0.034362300737403026,0.7338295461081746,0.3163876308878856,-0.06077733525742235,0.7834009007731481,0.2805685269743649,-0.08130616391661452,0.8284251874507363,0.2533014131459727,-0.096533504453724,0.6883246029046044,0.4346601414813924,-0.041888113590881515,0.782077303128456,0.35775889645316705,-0.06759114244452386,0.839923239021159,0.3182311943773903,-0.08589427226653962,0.8886826712248931,0.2872123114431082,-0.09975324767822427,0.7033621886772896,0.491931689652934,-0.052839136930050525,0.7922559825342093,0.42616116233281237,-0.07513142181838404,0.8459651806016466,0.38506505115708306,-0.08642138011836961,0.8932212869178003,0.35037275848548805,-0.09572380818704616,0.7042933814783594,0.5673496137136844,-0.06667863748925947,0.7831782952173433,0.5300737374754094,-0.08542598701957892,0.8312518839071046,0.5059534033287817,-0.09207863885033597,0.8747562719370002,0.4821405589802941,-0.09737687836637471
M,0.4848820963403681,0.6830111276972425,4.884140988628051e-07,0.5194713940550556,0.5679352297669366,-0.03925887703888746,0.5173671279416416,0.446427936955686,-0.06558192655744352,0.5115670268133883,0.3372785870408837,-0.08797004727489782,0.5082293956271021,0.2527759879172503,-0.1117864018749623,0.3702800955091204,0.4013163099140475,-0.06191303136147859,0.280791686076821,0.32405702960796845,-0.09544214432984045,0.21934609972076974,0.28816923056984994,-0.11930303319251581,0.16710747483667437,0.2600150016637949,-0.1365844130024805,0.32627239474010117,0.4563557458666218,-0.0642206425686459,0.22245771495195535,0.37739855706036746,-0.09695332666565647,0.1537364187476399,0.3311951892389046,-0.12179632209268682,0.098420262609646,0.2928776813077403,-0.14013692916749598,0.3039368647031295,0.5247688578380333,-0.06849349026769509,0.20784953924325797,0.45023088490133323,-0.09711004407469169,0.14925281212225064,0.40161138500049437,-0.11553325536814364,0.10148452817302048,0.358158582841957,-0.1284366176351086,0.29817793712074503,0.6016279960071648,-0.07558720483830124,0.2229411978097189,0.553287542564965,-0.10215178601471059,0.17743282926169943,0.5179086346111018,-0.11412605269378795,0.1375382994557475,0.479689583673582,-0.1210034347988747
M,0.5097854949184273,0.8257725316264569,6.694658375996149e-07,0.4611743754750985,0.7259788972591235,-0.016341495928850484,0.4569669050645312,0.6098977560816259,-0.03194802525976088,0.48744202553150023,0.5157113810093394,-0.04361907824989919,0.5147050949425473,0.4496788847855282,-0.055657730725281185,0.522429277266406,0.5701838683350422,-0.056625229877126815,0.5835380207222721,0.4397825686402269,-0.08045593375804085,0.619226939088601,0.37276363856955985,-0.09237046695788415,0.6481320205470715,0.3219828391548529,-0.0993522510927722,0.574472993719879,0.604146926626832,-0.06360523711170477,0.6391605707927731,0.46271880455180625,-0.08889624783735628,0.6771759971276948,0.3863132320048577,-0.09986014773107608,0.7049416552166646,0.32810106991860843,-0.10639978463791767,0.615592451893896,0.6434639535225686,-0.0693479567776276,0.6734445405996233,0.5137546045255145,-0.09360676555346281,0.7026540992062015,0.4428511535217616,-0.10214901016184569,0.7248930505036447,0.38766294717788696,-0.10690433613364232,0.6460199367913959,0.6903703720561003,-0.07482851339877744,0.6867531223310029,0.6047623314582053,-0.0911176584069264,0.6988870016289102,0.590567398910488,-0.08924313420799665,0.7110740888850353,0.585258881215154,-0.08673533358836433
M,0.4843118547780668,0.8478583393887402,4.4790042317954386e-07,0.5163083284132103,0.7355140318526304,-0.010650038125301523,0.5081944694583189,0.6184569492059595,-0.02448917990613334,0.47485716478092305,0.5381856045142852,-0.03670717721165431,0.44041175930511783,0.4933870085739197,-0.05146248168426016,0.4503598013384776,0.5781962206178808,-0.04410869052244477,0.3982607906218618,0.460609924028264,-0.06930413540797607,0.3690210309677712,0.4106337232863839,-0.08318204757661614,0.3406578162348864,0.370431211264057,-0.09122664534192991,0.4015476513731189,0.6165949820994056,-0.05507157662856009,0.3464079595707546,0.4880848272758372,-0.08256774976364596,0.31805419182108546,0.4279607950366117,-0.09638120155852477,0.2907546152335291,0.377360707378005,-0.10336340685620705,0.3608663853925259,0.6635073154049124,-0.06484914958516863,0.31384961794872573,0.5423891900535573,-0.09295708511179104,0.29338497526814195,0.48278855129996723,-0.10467679520529187,0.27270447038472656,0.43137894658481374,-0.10990802197683514,0.33133875649362643,0.7185118182457705,-0.07338924755910063,0.29893935262474586,0.6358406150882895,-0.09303858250747912,0.2944501772757002,0.6383772768916931,-0.08942447556680776,0.2887220213408856,0.6481498506139306,-0.08389311530228884
M,0.6267906518801589,0.807667100843964,4.5118527008754154e-07,0.5789923887920769,0.7098277664013923,-0.020686089137636303,0.5724753539376951,0.6016962323452066,-0.03706240907974697,0.6010330583907831,0.5151717969976319,-0.049596406036670315,0.6300596456464327,0.4614577244030186,-0.061845903321629266,0.6637285442561948,0.5526773685509442,-0.049766298603955206,0.7125778724810828,0.4303006660536023,-0.07402631397580953,0.741247433704345,0.372376453961819,-0.08743285663151668,0.7678797165796557,0.3276756229393321,-0.09558466648595343,0.714687144463779,0.5831620232459226,-0.053907463272607,0.7674288993476602,0.4502635275171822,-0.07902704033565447,0.7976520024925653,0.3847958164590512,-0.09018115888983926,0.8235732843539466,0.3343980092334357,-0.09640458300481179,0.751426487734469,0.6214732677049188,-0.05824523226836276,0.7998462529026413,0.5000054766795387,-0.0823647911757505,0.8231095165806558,0.43641146542104475,-0.09047547225594703,0.8441866142618144,0.3875975481144977,-0.09434597862642526,0.7759182428777339,0.6691466186553666,-0.06310621504567121,0.8092247716975846,0.5857442350475335,-0.07999454283656396,0.8167067572383061,0.5635797259510172,-0.07956794129731229,0.8270540695736501,0.5514274485150241,-0.07750454151458706
M,0.5453439466833498,0.857006206324226,6.270875945212038e-07,0.5756932027174525,0.7497835562132192,-0.020415892222958604,0.5698340434634515,0.6405054558264581,-0.03819056267072513,0.5396931314725054,0.5574156685451571,-0.05086282525394272,0.5031461773805641,0.5064700655817416,-0.06552713270325317,0.4972852203620678,0.6182940227278112,-0.06493247456126736,0.4365499540628714,0.5030884869646227,-0.09104013724172372,0.39962679541638596,0.4431230644004767,-0.1039211944494236,0.3669246826588252,0.3972416028879476,-0.11114544213780661,0.44788221469478745,0.6610573410417475,-0.06861638863132064,0.3842314704717917,0.5335682878653969,-0.09599975382454658,0.34711957968878404,0.4609967792433415,-0.10889166917063688,0.3157251384554868,0.40579953254980333,-0.11618363668331119,0.409863286255079,0.7088302721817528,-0.07066483857582488,0.3508536601572801,0.5912694597358339,-0.09692538469031667,0.3179861649728278,0.5201166967313255,-0.11129871583833363,0.29032527826476895,0.46592201820115725,-0.11981780163979416,0.3855098449941457,0.7583102950353942,-0.0720621632260569,0.35255487172298455,0.676799098698146,-0.09290018041827605,0.3480347634146088,0.6523388490865105,-0.0965466110133811,0.3441541446239184,0.6385929803386259,-0.09693748649191913
M,0.5858951220110459,0.9770059007794464,4.7428909048121427e-07,0.5380860466609969,0.8640512538595675,-0.007075963164825783,0.5501552058590783,0.7448184058584016,-0.0191566985104076,0.6061312830311129,0.6741336999725108,-0.026385313451700317,0.6538900525177119,0.6435929038972233,-0.03551333462926506,0.5706699963273674,0.7091511500521182,-0.06625139659361635,0.608617523164128,0.5483439023467316,-0.08804430445063845,0.6341637790888205,0.4619554229851427,-0.0956530759175276,0.6555981129065327,0.3964879464829105,-0.09890216389149999,0.6338921502175459,0.7464645995947593,-0.07330394836862561,0.6724775349043338,0.5671830462769987,-0.10153750526465447,0.6958546615651741,0.46513322909216315,-0.11385360587802199,0.7127845593339182,0.38825016363142095,-0.11951803458833146,0.690275817081846,0.7834308627008022,-0.07554087588756249,0.7331889746746341,0.6101003500465232,-0.10888219292907195,0.747738825635435,0.517273198713288,-0.12540976994339076,0.7576988533538876,0.4525671933574238,-0.13172340163268806,0.7352512376061802,0.8192081156818346,-0.07399507901021118,0.7443550009837095,0.6964802203050519,-0.09484754568429743,0.7156285090921483,0.6888105670611063,-0.09039730777057652,0.6972571124975708,0.7065793145662067,-0.08362144821277066
M,0.5119012531481291,0.9232756415002679,4.784707251222866e-07,0.5328361078312522,0.8024362071973509,-0.01019506020727544,0.5160928265590145,0.6770940401188569,-0.0242990072008363,0.4796996006499166,0.5933363276024433,-0.03517460046193266,0.4498991584682355,0.5532145673063854,-0.0469596264554876,0.4712138966032788,0.6409992688853353,-0.05471322643176335,0.43644938375843473,0.5010702414629934,-0.07740912527203969,0.4096953984801775,0.4512065094245653,-0.08601471448202087,0.3813641058021061,0.4159497807923389,-0.08982369147328494,0.43431890375690546,0.6819507962506205,-0.0627284080463566,0.39749814689295787,0.5298349877107608,-0.08530730093899662,0.3704513074740665,0.46848628535287057,-0.0918496203005689,0.3435975108594043,0.4234612842582729,-0.09459582439067538,0.4055808322926135,0.7280358587577087,-0.06848018746439462,0.37327182710648127,0.5877558100005309,-0.08948874944987231,0.35116509266317025,0.5279510446080354,-0.09606628347554796,0.3291510376286452,0.4838935355709128,-0.0995494455807188,0.3883465932217561,0.7756658375808795,-0.07299178731958095,0.37315566435422176,0.6777534789024283,-0.08612002629379942,0.37436990741665904,0.6745418505892328,-0.08056336436672423,0.3740802043601359,0.6829945874023219,-0.07489865715642091
M,0.5440152813406551,0.9921985369394807,7.833643244277678e-07,0.47753722797714027,0.8896199450919441,-0.017093398096738953,0.4544816060977824,0.7682295290424543,-0.03698765215128386,0.4817959994223772,0.6754548055138073,-0.0500516365322184,0.5232376518348852,0.6270458285203752,-0.06398711373114173,0.5163955208571518,0.7360579445227688,-0.08227125608662426,0.5752245434651188,0.5740973166390961,-0.1090176354319898,0.6116023929972275,0.4870541199092187,-0.11912338115108273,0.6403368594599705,0.42354496082692755,-0.1228563586003421,0.5830300170563015,0.7780644095265398,-0.08639668053732677,0.6378365514032981,0.596315482010444,-0.11588943740421467,0.6722828830574074,0.49346793647490295,-0.12474450061563402,0.6969201592545883,0.4193964153162989,-0.12744834909544273,0.640945509441343,0.8172372724933952,-0.0864644500315098,0.6912210176096243,0.6456141092029273,-0.11757571347098907,0.7129288825626466,0.5504398016514731,-0.12833493121662268,0.7279391591163242,0.48413878430922824,-0.13114597028185265,0.6862040014535773,0.8551873138137892,-0.08418145443725984,0.7085783578017179,0.7360630232621642,-0.10416857360442187,0.6914157075624839,0.726565301783529,-0.0974998088421154,0.6783636777716524,0.7407848076054863,-0.08871701594633873
M,0.5526680302197539,0.8939804728106251,6.829740996477186e-07,0.5712614660187969,0.7578097714448538,-0.007092437496615411,0.5369910543828499,0.6343186446062223,-0.019088327839199337,0.47288911678190304,0.5772383871275609,-0.027853394925369063,0.4188872102912017,0.5555098029806858,-0.03952893996736705,0.4989461241157975,0.6021317221282974,-0.05036665009532681,0.42646768445691724,0.46797013036378726,-0.07124924162534747,0.3878658564658616,0.4015891969086617,-0.08066845074383996,0.3524361024574032,0.3491160670720686,-0.08540019346034433,0.44229631131793573,0.6557785617554281,-0.05909180553908658,0.37100413773120855,0.5066127479076385,-0.08326723389914185,0.33476151631573053,0.4289899381596272,-0.0939131031091523,0.30143749092038225,0.36636258245218456,-0.09836969790085563,0.3928432538518755,0.7136696703790679,-0.06471355025487857,0.3325811462315518,0.572973306840799,-0.08979639956566292,0.3041817737141932,0.49152924448955715,-0.1031342216393375,0.27695240608350497,0.4263705288566004,-0.11020745957402263,0.3564308232327146,0.7716725289117633,-0.06797691581286783,0.3328902409888628,0.673271406001932,-0.0848998524483264,0.3473234714016201,0.66484321243181,-0.0806285132705344,0.35832539353314347,0.6684221885805055,-0.07496970908085662
M,0.5663997248923482,0.8822739210503161,5.587097420671356e-07,0.5082540609373534,0.7879836835151861,-0.017955460027990717,0.4850952792758784,0.6792705496234342,-0.036939854756075106,0.508430569871398,0.5907544799087462,-0.050748708111441825,0.5509233411924899,0.5446011633419794,-0.0647733129199194,0.5718111534995481,0.6323495556500333,-0.06586776207843872,0.6247307695140524,0.4922740372005573,-0.09232901632237395,0.6533524201921195,0.42086196278244997,-0.10460102074387029,0.678005582783833,0.3689054280888936,-0.11045209416149815,0.6313602111556313,0.6723936493239127,-0.07003684188667415,0.6843222377221446,0.5176211622628298,-0.09759032276741898,0.7118505035057541,0.43837675686217537,-0.10695424187189538,0.734947476505248,0.3810448400245225,-0.11036977478233743,0.6808798990466378,0.7134434993355727,-0.0721198300482736,0.7312699861762938,0.5669765764277829,-0.10074630729884894,0.7493683028319651,0.4935538384540022,-0.10903701305481767,0.7660047990724075,0.4428626923275388,-0.11073937596010491,0.7172180217159682,0.7570965027759883,-0.07291477834825089,0.7441081091884739,0.6557754350841538,-0.09219120696864345,0.7336411451505236,0.6477546635245489,-0.08711381735326337,0.7299469721711371,0.6587058178895762,-0.07966503902643435
M,0.6530567423645156,1.0146992011455143,6.189283628231506e-07,0.6717713525343368,0.8895653277769217,0.0013026394098938712,0.6456411366639115,0.7760356077966134,-0.006829307328201551,0.5922768810271147,0.7131850402718702,-0.012873638727397099,0.5426678390914549,0.6880955531725435,-0.02239534097280319,0.6335262160731538,0.7388366384623831,-0.04521826075310631,0.5699645726369368,0.6049983659800927,-0.06299951703060834,0.5348161824481904,0.5347138786930674,-0.06979589104378855,0.5048496144502153,0.4789146273793661,-0.07234351693380064,0.5832772203491408,0.785429355274936,-0.056550365207730394,0.5183367190439873,0.636181082960736,-0.07744321944280799,0.4829881005824414,0.5515121230229134,-0.08575834952672785,0.45454542883442123,0.4843789901701324,-0.08876187230550137,0.5349732535836943,0.8384454375959832,-0.06402758700405603,0.48028887723125685,0.6961040599731052,-0.08748177567083439,0.4526968143312386,0.6115079771376511,-0.10164517226770954,0.43173357176139215,0.5448622861250634,-0.10865647389424021,0.4969193098790977,0.8926012566805955,-0.06802233307405203,0.46468507359848427,0.7950622098595572,-0.08301756906282938,0.4756997479919361,0.7916861785901501,-0.07779975430405649,0.4904651016397861,0.803679358665184,-0.07118443407077471
M,0.4441126871395398,1.0158905170343302,5.548590808887996e-07,0.4221381275682478,0.9190416212554451,-0.0065052387721365665,0.4423433715874726,0.8114570373887414,-0.016294752935373417,0.4850972614309809,0.7445077013683032,-0.022200063565407192,0.5175702562024286,0.716025770337016,-0.029657947013998504,0.4430223335553934,0.7624499205354456,-0.054346433974237544,0.48663761835914476,0.619801716761546,-0.07288528171888141,0.5127160880300734,0.5432186673532378,-0.0790798949712591,0.5313546159961918,0.4847792003068838,-0.0813012749555188,0.48150802616242533,0.7957708738945626,-0.06271626501394487,0.5220300991076965,0.6313995164077919,-0.08678385137941118,0.5447356762649777,0.5378056873788347,-0.09751980784195322,0.558921727153274,0.466043469963131,-0.10190018489621244,0.5188407429882714,0.8334970527941042,-0.06728681917344262,0.5601188802683318,0.6787368358076513,-0.09737284486000244,0.5750755076114837,0.5929936434592571,-0.11352490320488497,0.5834353156723417,0.5289399292733934,-0.12014417318968444,0.5504494223508749,0.8762316616089852,-0.06866162668566804,0.5731654602575589,0.7736913304071169,-0.08688327011179638,0.5603963683048884,0.780972869009585,-0.08118608611000998,0.5512445862586792,0.8089869074277334,-0.07396257410771402
M,0.5062306544359992,0.8436830817484389,6.108859863226685e-07,0.519972928014456,0.7269321069997899,-0.002620370525954629,0.4981989035419389,0.6209164571528342,-0.01112639216211677,0.45885313597379945,0.5643810857744778,-0.018917439108732722,0.42401878529903936,0.534343649593054,-0.028957461780074106,0.45616140120169696,0.5575710099117429,-0.03609007183078895,0.408554554569955,0.4301776403305577,-0.055643936284982105,0.3848404803112441,0.36747389213711606,-0.06608219512346812,0.363077104325388,0.319186840746917,-0.07149997762669455,0.4117165571334315,0.5930966588796354,-0.045770585494042906,0.3606447631821913,0.45627928329449075,-0.063716352935344,0.33623214431253134,0.3862238487192229,-0.07299304754226743,0.31529986791166603,0.33366279900074003,-0.07811345754684333,0.37652570339394553,0.6414598531582776,-0.05355472342001603,0.3306381800011092,0.519758810599645,-0.07189690780345985,0.3104746228631805,0.4524735693838082,-0.08512538159956617,0.2938576669961798,0.4035198488071853,-0.09368290608011497,0.3528429452402919,0.6955276212271522,-0.05964565649446027,0.3350716185920379,0.6151659446604112,-0.07320139533337935,0.34587055389203275,0.590503954186159,-0.07404550119958288,0.35549345659274684,0.5782930977204267,-0.07310867599010759
M,0.5389664929689885,0.8807759336046804,2.5986052679749163e-07,0.5126790335286135,0.7811299110087522,0.00743279520205805,0.5270935843668864,0.6834498129771029,0.004525582981367136,0.5665339936419844,0.6274534851144262,0.0011854996454498377,0.5986845352443149,0.6011351826556883,-0.003303923757142596,0.5535996634856905,0.6079098266003945,-0.025763173861777244,0.57704819820246,0.4718890956229409,-0.042898716116736235,0.5887898308858135,0.4012890929836787,-0.04977408968190191,0.5981472614458052,0.3498788271695656,-0.05171885999952655,0.5989385752915887,0.6326958988907198,-0.038331337418941486,0.628064258231057,0.48173670350046033,-0.060243682641616676,0.6399354244356101,0.4009056188685297,-0.06714179005136554,0.6484866886489136,0.3429056699834975,-0.067530742994826,0.637156119117629,0.6708716667080105,-0.04820645410905587,0.6713822706271027,0.5335157468437924,-0.07422030894223884,0.6790499793270887,0.4603882803250167,-0.08357439147671965,0.68507365290279,0.40716350909231297,-0.08415604478933036,0.6666633399192896,0.7213801532254156,-0.05463804897671837,0.689658804689648,0.6278458686927842,-0.06432633590070586,0.6720896327338425,0.6214988225485196,-0.053746709245254445,0.6592689390011875,0.6355412851899807,-0.04314644098886039
M,0.6140753435836711,0.9694642852729475,6.813748093447789e-07,0.6378964677872793,0.8354513040730651,-0.0067950807338093,0.6136455875886998,0.7117888859250177,-0.02167503596811771,0.5604233180343265,0.6370804994039132,-0.033580704796484395,0.5083302381172986,0.601554855074681,-0.0487818781805633,0.5870662400315345,0.6782822018148194,-0.06129849478307272,0.5036163247439643,0.5341154553101096,-0.08756948861254144,0.45781435455444836,0.4593939695140006,-0.09945277566693618,0.41924363967608397,0.39976859302587914,-0.1054868245444877,0.5296452230655811,0.7328167644814706,-0.07296857102052637,0.4464974842545852,0.572703379665462,-0.10329996417342148,0.400675448470972,0.47955145403532917,-0.11838175562984297,0.3643280950860238,0.405834436836377,-0.12642296820774046,0.4762669719860587,0.7905975288488496,-0.08121793366916163,0.40551541315417894,0.6411944086283026,-0.11097281514753056,0.3681086895226593,0.5447936185019117,-0.12946159843499708,0.3392308464562389,0.469789954873038,-0.13983635547321657,0.4340320605207497,0.8446085446737182,-0.08668094512212916,0.39786491849997513,0.7319125220389433,-0.10814321805349171,0.3997859245717106,0.6980999800520884,-0.11024309679026335,0.40333455861349343,0.6791396470556796,-0.10926594692741481
M,0.5056449021298461,0.9388602555163799,7.857401106201086e-07,0.4643179829135263,0.8374747875277981,-0.03062528074701871,0.453658421712419,0.724922444739956,-0.05995578962189654,0.46931897478600954,0.6348836875400661,-0.08318645193990022,0.505719018677261,0.5721425478078105,-0.10693426336521751,0.5428275690853961,0.6912032054977183,-0.08510057091073024,0.6170188064224149,0.5557681753591526,-0.12287230033176078,0.6584677058129222,0.4803758201423598,-0.14333250282183746,0.6926078675714739,0.4263558241487281,-0.15449613721275623,0.5960600498629494,0.7438181938569238,-0.09046539931666632,0.6707701364909213,0.5914703126699646,-0.12697971143696937,0.7132307960211866,0.5022546291534155,-0.14293351134091067,0.7466626617074744,0.437284620718722,-0.1516850258857926,0.6376343146423621,0.7976231388519147,-0.09488115450538741,0.7071826812679782,0.6554838742580882,-0.13080410161084194,0.7416246950260701,0.577059439903388,-0.14236496619743072,0.7681959216580069,0.5197471248591604,-0.14709193949684776,0.6657193169637692,0.8538519421969455,-0.09933028212445645,0.7149837115790947,0.7658770885204245,-0.12604888206336395,0.7261127284699422,0.7491102589785688,-0.1244159079173957,0.7349556538224952,0.7464605191368267,-0.11965462247743928
M,0.730671192918505,1.0144968142314834,8.797428873150442e-07,0.7507951449374763,0.8525014570781163,0.0016701138685712809,0.7028941932989626,0.7186472423222601,-0.0042314072284189395,0.6250796524845824,0.6552546294368043,-0.006438967595037253,0.5605310901087157,0.6321726520450748,-0.011438111061163778,0.6696444910399768,0.6804881499738109,-0.054420712909528185,0.5857013196361308,0.5179078375806614,-0.07367225763749104,0.5400806198314745,0.4320440694993856,-0.0786798963665354,0.4996043921733389,0.3668680572996334,-0.0792221462582143,0.6004749254304536,0.7397062360023966,-0.06415439391014527,0.5174693474964219,0.557062512879469,-0.08754769854095518,0.4702822926093121,0.4523543519633157,-0.0948197452845622,0.42901723664634084,0.3696841297101001,-0.0961783088591634,0.5396164875857684,0.8045669511872895,-0.06909122841090572,0.47045669373200866,0.6328820070441888,-0.09111454441231125,0.4327009057512089,0.5255655137860045,-0.10639597761387727,0.40015990551637143,0.4420596235868882,-0.1147048329060175,0.4971380160779369,0.865679289370167,-0.07032301704190215,0.46349775000494353,0.7395136731011527,-0.08245490384953362,0.4780612550219711,0.7070551473267225,-0.07815719335054865,0.4931889068107216,0.6951244653487693,-0.07249192719974992
M,0.5072026322521861,1.0243068465164729,5.83121099625245e-07,0.4579770404195029,0.9061000933722844,-0.0007301488597635946,0.4738878384232521,0.7828330243863757,-0.010272719912199324,0.5359662531150712,0.7077493691255176,-0.015877685764915817,0.5912142008069962,0.6778413967953788,-0.02284397287867106,0.4945382724205653,0.7484661399845093,-0.061645703449372265,0.5521173528026021,0.5843471035597816,-0.07957656343009263,0.5879917193263297,0.5028847903013229,-0.08136618988854545,0.6154486339480157,0.44497036200667184,-0.07889138569404917,0.5594588994743332,0.7923277226232347,-0.07002800877486902,0.6160380209958742,0.6045194382941912,-0.09462960481288887,0.6491128322150972,0.5045652486502178,-0.09898863261240343,0.6723695897630283,0.4309451510272329,-0.09729930187856393,0.6166691185226516,0.8348429661894602,-0.07299641883444219,0.6715576807184825,0.6586511083065517,-0.10010987629611341,0.6909306129765889,0.5684766823810244,-0.10722075844745314,0.7034638639953401,0.5047275837924745,-0.10608959434524415,0.66065233330878,0.8778257556850948,-0.07209394796795789,0.68936544822322,0.7474186375500664,-0.08266825095883437,0.6675587240902204,0.7393379760166955,-0.06877154930095587,0.6502344486495805,0.7582921936871514,-0.05511532240225712
M,0.598292640112994,0.9963713852982772,5.775022697307257e-07,0.6294583664651503,0.875288839089243,0.005026751542627289,0.613207749525706,0.7581506087068925,-0.0022408150241780707,0.5629174109090839,0.6883093777455782,-0.008249071510631199,0.5136766088636298,0.6573824029219778,-0.018468310325452444,0.6072093543253447,0.7185419676596658,-0.04492394444450998,0.5471740291306847,0.5691627922811007,-0.06367816945962738,0.5154638584245715,0.49069832877108926,-0.07099797885146057,0.48832487918828665,0.4278928696063527,-0.07381482267458188,0.5499259725997322,0.7559428696046796,-0.05910154293503678,0.4909971269599178,0.5889392787950081,-0.07975503798378142,0.4601839284102122,0.4950606177773392,-0.08841378981607002,0.43669699932399547,0.4205627561661235,-0.09217119954134288,0.4938360467291715,0.7988834820295635,-0.06915074152904645,0.44857182356349207,0.6392031801374335,-0.09218002837478069,0.4273699420585967,0.545160818936532,-0.10647267385532981,0.412230999950777,0.47095140846152056,-0.11409630648661077,0.4470425760014015,0.8436601525858829,-0.07541290210527286,0.4215780847428138,0.7278424476322375,-0.0917077437304614,0.432837789361937,0.7189059211496721,-0.08709701884603291,0.44592768837485397,0.726224760632766,-0.08101053341095776
M,0.5448323542133291,0.8240738460358153,4.281625261429699e-07,0.5204874267603489,0.7075684566764121,0.001692114892648533,0.5374304625265142,0.5949700504858443,-0.006005803103301119,0.5799212625369112,0.5295328273576625,-0.014178576311697976,0.6163379905071664,0.4986267792893217,-0.023846328503690953,0.5858169139382687,0.5313184325523833,-0.032599680370618986,0.6444821154817622,0.40473188959220624,-0.055372672800118344,0.6774822457673702,0.33898132896803795,-0.0673562317016594,0.7010675526045739,0.29049510017354435,-0.07301546719440437,0.6327653958442363,0.5729597432023668,-0.046858414514683824,0.6976052031238028,0.43457100310541213,-0.07110809439860107,0.7315259737537262,0.3607051563548281,-0.0804778154434121,0.7547845336350989,0.30503124307761803,-0.08320512823720878,0.675081675039961,0.6268576849648293,-0.059305735736415954,0.7406562376529613,0.499915194955278,-0.08621790202364246,0.7701476936010604,0.4348780630909382,-0.09438758787322551,0.7923789363592229,0.3832742614631957,-0.0955082106384191,0.7096229016463808,0.694153163661348,-0.06938666372034857,0.7584290900763045,0.6103871754826383,-0.08249630402535835,0.7566337598131058,0.606497550105795,-0.07270969389046127,0.7558808681812692,0.615452062734898,-0.06277599655283105
M,0.5755482965224498,1.0095906412279283,6.451719749148079e-07,0.596998637753564,0.8816454758515229,0.005443123672860049,0.5730107974361729,0.7627556810507903,-0.003066546636742911,0.5203038618371293,0.6936866402626037,-0.010020266313930168,0.47187201187417316,0.6627326248465357,-0.02162126514610734,0.5649818031369029,0.7230760290816024,-0.052636630012578255,0.4989144559647586,0.5715614927781595,-0.07469884247795956,0.46394063943141217,0.4904903063902984,-0.08258471543321738,0.43442450665138865,0.4268150663053667,-0.08505388021066382,0.5101518982165568,0.7692116457062799,-0.06833570799664468,0.44267041650978295,0.6002255670122199,-0.09520169574314276,0.4078438686357962,0.5045846120731251,-0.10434418515981854,0.38080973488253517,0.42814107440613414,-0.10684074391988484,0.4550508907517871,0.8217569460739961,-0.07935400554388006,0.39987301568727235,0.6594369443687232,-0.11007860635180731,0.37387720386724216,0.5657822874752251,-0.12520016339179632,0.35514518256123,0.49031343476192374,-0.13136357007598554,0.40912698185121693,0.8779852377401816,-0.08582468568473249,0.373556975416235,0.7650168525206076,-0.10652904540199686,0.38839592619522195,0.7684491876009348,-0.09996992919493367,0.40817535890115275,0.7880428610621272,-0.09133203707987796
